acc,loss,val_acc,val_loss
0.9602222150724451,0.11333389104771173,0.988761153054221,0.02283813423725125
0.9936188239331639,0.016171378975776123,0.9948524365133836,0.014866822824450517
0.995474191076751,0.012502695509835035,0.9950240219629375,0.013811750924691727
0.9959246270497517,0.011891355819104896,0.9950240219629375,0.01340486818940766
0.9958602790558004,0.01153563416722375,0.9953671928620453,0.013148116502093788
0.9960211490406786,0.011260850235370141,0.9957103637611531,0.012902361296231204
