acc,loss,val_acc,val_loss
0.9771564621319508,0.07228356196587205,0.9891043239533288,0.019209617560930096
0.9957744817305321,0.013678046596330486,0.9969972546328071,0.010461915620617369
0.9965466576579475,0.010678666621497369,0.9963109128345916,0.010735936993100235
0.9969434702873138,0.00921043141063726,0.997254632807138,0.007975894471025766
0.9968576729620454,0.008509860900491197,0.9973404255319149,0.00791579665946624
0.9971794129164601,0.008282941779040334,0.9973404255319149,0.008405444347489799
0.9970507169438992,0.008136093913957813,0.9978551818805765,0.007094699639332268
