acc,loss,val_acc,val_loss
0.9883482471705879,0.06104350787824236,0.9982038367528331,0.007063047876156622
0.999030177901018,0.0037960961536793016,0.9991667283904896,0.0031228134832554997
0.9996944713196524,0.0013833133183650784,0.9993518998592696,0.0023432996913792564
0.999868067160759,0.0006440633758401803,0.9996111399155618,0.0015084510992033012
0.9999444493308459,0.0002590338287799935,0.9995555884749278,0.001878502305541571
